snapshots/snapshot0.jpg,,0.00068125,0,snapshots/snapshot1.jpg
snapshots/snapshot1.jpg,[-45.0618123    0.36313665  37.95951492],0.00136225435261,0,snapshots/snapshot2.jpg
snapshots/snapshot2.jpg,[ 47.06163021  -0.14385595  40.77294095],0.00203653336404,0,snapshots/snapshot3.jpg
snapshots/snapshot3.jpg,[-34.17116441   0.77556323  18.57838233],0.00272290642808,0,snapshots/snapshot4.jpg
snapshots/snapshot4.jpg,[ 36.4250811    0.83474237  37.05632403],0.00340848841736,0,snapshots/snapshot5.jpg
snapshots/snapshot5.jpg,[-14.95163654   0.72000569   9.1775715 ],0.00408898454512,0,snapshots/snapshot6.jpg
snapshots/snapshot6.jpg,[-12.86672954   0.9187201   18.63986537],0.0047683970202,0,snapshots/snapshot7.jpg
snapshots/snapshot7.jpg,[-21.49979308  -0.5542938    8.23202947],0.0054482463216,0,snapshots/snapshot8.jpg
snapshots/snapshot8.jpg,[-41.46137475   0.68757722  48.05612144],0.00613015676726,0,snapshots/snapshot9.jpg
snapshots/snapshot9.jpg,[ 31.11801193  -0.87266964  25.76178941],0.00681060945718,0,snapshots/snapshot10.jpg
snapshots/snapshot10.jpg,[ 4.83779575 -0.46504614  8.4099446 ],0.0074832607978,0,snapshots/snapshot11.jpg
snapshots/snapshot11.jpg,[ 14.50447405  -0.63289459  42.48899574],0.00679325629237,0,snapshots/snapshot12.jpg
snapshots/snapshot12.jpg,[ 10.74653973   0.76545619   6.6907323 ],0.000760345449948,0,snapshots/snapshot13.jpg
snapshots/snapshot13.jpg,[-21.19695159  -0.22035736  11.43474512],0.000634586662555,0,snapshots/snapshot14.jpg
snapshots/snapshot14.jpg,[ 13.67447842  -0.80500557  44.1239211 ],0.000567004739376,0,snapshots/snapshot15.jpg
snapshots/snapshot15.jpg,[ 32.91438833  -0.05668598  29.8132285 ],0.000418208604898,0,snapshots/snapshot16.jpg
snapshots/snapshot16.jpg,[-43.34587726  -0.3348296   19.5345296 ],0.000323238422323,0,snapshots/snapshot17.jpg
snapshots/snapshot17.jpg,[-15.07530571  -0.72133706  24.85967982],0.00050647455445,0,snapshots/snapshot18.jpg
snapshots/snapshot18.jpg,[ 39.29078909   0.08753661  19.52107151],0.000371212121822,0,snapshots/snapshot19.jpg
snapshots/snapshot19.jpg,[ -3.98844289   0.16533592  31.36733299],0.000270934884068,0,snapshots/snapshot20.jpg
snapshots/snapshot20.jpg,[ -1.97393940e+01   1.72405399e-03   1.92517153e+01],0.000145420855864,0,snapshots/snapshot21.jpg
snapshots/snapshot21.jpg,[ -0.85044518  -0.47301601  46.43919015],0.000149922978865,0,snapshots/snapshot22.jpg
snapshots/snapshot22.jpg,[-5.36220616  0.86153202  2.84282929],0.00028056535648,0,snapshots/snapshot23.jpg
snapshots/snapshot23.jpg,[-11.53673553  -0.99445951   0.31146983],0.000313474404664,0,snapshots/snapshot24.jpg
snapshots/snapshot24.jpg,[ 48.75851102  -0.71602238  23.65272924],0.000231778029544,0,snapshots/snapshot25.jpg
snapshots/snapshot25.jpg,[ 11.69055173  -0.22438358  18.86897741],0.000172959254481,0,snapshots/snapshot26.jpg
snapshots/snapshot26.jpg,[ 45.09802019   0.56411316   6.03563474],0.000602395063693,0,snapshots/snapshot27.jpg
snapshots/snapshot27.jpg,[ -6.60584888   0.08776396  33.73866516],0.000547988634514,0,snapshots/snapshot28.jpg
snapshots/snapshot28.jpg,[ 32.09415816   0.08462814  18.16832896],0.00066701893572,0,snapshots/snapshot29.jpg
snapshots/snapshot29.jpg,[-18.11680548   0.37143447  25.48811586],0.000943136678588,0,snapshots/snapshot30.jpg
snapshots/snapshot30.jpg,[-46.32367025   0.34246963  18.37954883],0.00116836938689,0,snapshots/snapshot31.jpg
snapshots/snapshot31.jpg,[-19.83044761  -0.33315556  49.71712382],0.00110271620131,0,snapshots/snapshot32.jpg
snapshots/snapshot32.jpg,[-5.5161117   0.69626     9.90751498],0.000870645313485,0,snapshots/snapshot33.jpg
snapshots/snapshot33.jpg,[ 36.59699727  -0.76732347  40.28051857],0.000936806076339,0,snapshots/snapshot34.jpg
snapshots/snapshot34.jpg,[ 2.68083071 -0.51207093  1.73984586],0.00109019349117,0,snapshots/snapshot35.jpg
snapshots/snapshot35.jpg,[-48.37956082   0.39394711   7.89669159],0.000982339855665,0,snapshots/snapshot36.jpg
snapshots/snapshot36.jpg,[  1.95957099e+01  -2.56309629e-02   3.68725314e+01],0.00080374842979,0,snapshots/snapshot37.jpg
snapshots/snapshot37.jpg,[-39.19381635   0.2900818    9.77264323],0.000748092199344,0,snapshots/snapshot38.jpg
snapshots/snapshot38.jpg,[-31.17622684  -0.31843339  22.26751512],0.000495402512346,0,snapshots/snapshot39.jpg
snapshots/snapshot39.jpg,[-29.48290244  -0.92901452  14.92379152],0.000318526898366,0,snapshots/snapshot40.jpg
snapshots/snapshot40.jpg,[ 16.07627042   0.73500768   6.09579258],0.000308286893612,0,snapshots/snapshot41.jpg
snapshots/snapshot41.jpg,[-11.77844406  -0.25273005  23.08232588],0.000154802260264,0,snapshots/snapshot42.jpg
snapshots/snapshot42.jpg,[-9.14166858  0.10287105  0.33482701],0.000100194815712,0,snapshots/snapshot43.jpg
snapshots/snapshot43.jpg,[-16.69384551  -0.39669938  32.19134979],0.000244604930016,0,snapshots/snapshot44.jpg
snapshots/snapshot44.jpg,[ 23.12502442  -0.99153312  42.73282718],0.000208140309931,0,snapshots/snapshot45.jpg
snapshots/snapshot45.jpg,[ -2.48059922   0.79848169  43.20353763],7.43600569649e-05,0,snapshots/snapshot46.jpg
snapshots/snapshot46.jpg,[ 30.68957814  -0.25567766  36.11027687],0.000125533816432,0,snapshots/snapshot47.jpg
snapshots/snapshot47.jpg,[  8.66645607  -0.9219267   41.0287685 ],0.00020794995703,0,snapshots/snapshot48.jpg
snapshots/snapshot48.jpg,[ 35.85501135  -0.2921985   24.39138806],0.000367279864813,0,snapshots/snapshot49.jpg
snapshots/snapshot49.jpg,[ -2.58202097e-02   3.30919689e-01   2.82688539e+01],0.000587051827607,0,snapshots/snapshot50.jpg
snapshots/snapshot50.jpg,[ 17.81999285  -0.58026653   1.33223205],0.000681154006391,0,snapshots/snapshot51.jpg
snapshots/snapshot51.jpg,[ 31.15828745   0.27058125   1.91118801],0.000949756855931,0,snapshots/snapshot52.jpg
snapshots/snapshot52.jpg,[-44.33729735   0.27184206  47.56175519],0.00108178411308,0,snapshots/snapshot53.jpg
snapshots/snapshot53.jpg,[ 20.32013756  -0.25895844  38.87189658],0.000994081693585,0,snapshots/snapshot54.jpg
snapshots/snapshot54.jpg,[ -9.12269967   0.11966424  22.1146913 ],0.000993813982105,0,snapshots/snapshot55.jpg
snapshots/snapshot55.jpg,[-16.54487722   0.44484597   5.04832402],0.000940448449805,0,snapshots/snapshot56.jpg
snapshots/snapshot56.jpg,[-17.87232994  -0.21194034   7.09377629],0.000836145550906,0,snapshots/snapshot57.jpg
snapshots/snapshot57.jpg,[ 34.52275225   0.24487086  15.66079366],0.000788144033819,0,snapshots/snapshot58.jpg
snapshots/snapshot58.jpg,[-31.79383237  -0.88806358  10.62132488],0.000717846373863,0,snapshots/snapshot59.jpg
snapshots/snapshot59.jpg,[-30.74349969  -0.67504978  17.7729438 ],0.000525247503612,0,snapshots/snapshot60.jpg
snapshots/snapshot60.jpg,[ -2.71849450e+01  -6.22400230e-04   6.34509169e+00],0.000390300895755,0,snapshots/snapshot61.jpg
snapshots/snapshot61.jpg,[ -3.97993      0.84571774  44.85737887],0.000316051298568,0,snapshots/snapshot62.jpg
snapshots/snapshot62.jpg,[ 28.80211969   0.08687124  46.12128578],0.000166346783328,0,snapshots/snapshot63.jpg
snapshots/snapshot63.jpg,[ 11.22341024  -0.80860946   5.86761375],0.000161537867222,0,snapshots/snapshot64.jpg
snapshots/snapshot64.jpg,[ 39.31769437   0.69318352  36.24975739],0.000189840499628,0,snapshots/snapshot65.jpg
snapshots/snapshot65.jpg,[  2.80510005  -0.13689745  11.4213023 ],0.000255681685972,0,snapshots/snapshot66.jpg
snapshots/snapshot66.jpg,[ -8.05015214   0.94259337  23.73443385],0.000311145675584,0,snapshots/snapshot67.jpg
snapshots/snapshot67.jpg,[ -3.57577685  -0.32486417  28.57199437],0.000262743610168,0,snapshots/snapshot68.jpg
snapshots/snapshot68.jpg,[ 49.50643466  -0.76821571  29.10017813],0.000193912970714,0,snapshots/snapshot69.jpg
snapshots/snapshot69.jpg,[ 38.29742733  -0.67734228  49.14564919],0.000261126309464,0,snapshots/snapshot70.jpg
snapshots/snapshot70.jpg,[-35.08677079  -0.88374563  49.29004682],0.000419170257788,0,snapshots/snapshot71.jpg
snapshots/snapshot71.jpg,[ 22.40139625  -0.08494346   4.31031072],0.000585232436012,0,snapshots/snapshot72.jpg
snapshots/snapshot72.jpg,[-36.75709068   0.35693088  47.57004881],0.000758186470829,0,snapshots/snapshot73.jpg
snapshots/snapshot73.jpg,[ 43.36499477   0.76248249  43.03643735],0.000901980176716,0,snapshots/snapshot74.jpg
snapshots/snapshot74.jpg,[ 10.39499277   0.04431249  15.08345973],0.00115187254566,0,snapshots/snapshot75.jpg
snapshots/snapshot75.jpg,[-39.50727672   0.33161063  45.52413608],0.00131995325424,0,snapshots/snapshot76.jpg
snapshots/snapshot76.jpg,[  7.12313079   0.05448586  47.20453724],0.00111175390337,0,snapshots/snapshot77.jpg
snapshots/snapshot77.jpg,[  9.35691004   0.76158425  36.81579816],0.000902040203688,0,snapshots/snapshot78.jpg
snapshots/snapshot78.jpg,[  5.27737004  -0.27479581  42.52314864],0.000791915698682,0,snapshots/snapshot79.jpg
snapshots/snapshot79.jpg,[-16.95168247  -0.3441749    3.8340159 ],0.000778023427445,0,snapshots/snapshot80.jpg
snapshots/snapshot80.jpg,[-43.48089921   0.91922664  22.04049621],0.000755554760305,0,snapshots/snapshot81.jpg
snapshots/snapshot81.jpg,[-7.30212857 -0.15142993  1.96096826],0.000633407347161,0,snapshots/snapshot82.jpg
snapshots/snapshot82.jpg,[ 22.54184567  -0.08973168  35.92667863],0.000513255593589,0,snapshots/snapshot83.jpg
snapshots/snapshot83.jpg,[ -4.71009003e+01   3.59103234e-02   4.67274756e+00],0.000396334262959,0,snapshots/snapshot84.jpg
snapshots/snapshot84.jpg,[-22.4158257    0.53858635  40.11000709],0.000317790436827,0,snapshots/snapshot85.jpg
snapshots/snapshot85.jpg,[-27.77053029  -0.95233228  22.13957897],0.000300674011102,0,snapshots/snapshot86.jpg
snapshots/snapshot86.jpg,[  3.97209802   0.1858287   20.74259693],0.000443116347776,0,snapshots/snapshot87.jpg
snapshots/snapshot87.jpg,[-10.27171932  -0.14924134  22.21588523],0.00064280366034,0,snapshots/snapshot88.jpg
snapshots/snapshot88.jpg,[ 25.41588588   0.0401572   11.1388224 ],0.000709122681698,0,snapshots/snapshot89.jpg
snapshots/snapshot89.jpg,[ 29.40003411  -0.5832889   47.70158194],0.000742346957265,0,snapshots/snapshot90.jpg
snapshots/snapshot90.jpg,[ 34.59346922   0.69569203  29.39926463],0.000490548542621,0,snapshots/snapshot91.jpg
snapshots/snapshot91.jpg,[-30.41921661   0.15608711  42.27395452],0.000407673308064,0,snapshots/snapshot92.jpg
snapshots/snapshot92.jpg,[ 43.49595429  -0.40019272  45.85556974],0.000441535661937,0,snapshots/snapshot93.jpg
snapshots/snapshot93.jpg,[-20.36309212  -0.85221435   7.31818554],0.000682463394094,0,snapshots/snapshot94.jpg
snapshots/snapshot94.jpg,[-24.70266325   0.82529176  16.6729159 ],0.000792612027928,0,snapshots/snapshot95.jpg
snapshots/snapshot95.jpg,[ 38.68625995  -0.34274972  25.38182599],0.000832173233303,0,snapshots/snapshot96.jpg
snapshots/snapshot96.jpg,[  3.66208136  -0.8559848   42.02599133],0.000681546926364,0,snapshots/snapshot97.jpg
snapshots/snapshot97.jpg,[-46.56954536  -0.78894881  37.18470551],0.000530323437487,0,snapshots/snapshot98.jpg
snapshots/snapshot98.jpg,[-28.37912214  -0.47073484   5.152767  ],0.000589714927437,0,snapshots/snapshot99.jpg
snapshots/snapshot99.jpg,[  7.30952239  -0.05057489  14.00767135],0.000764754852883,0,snapshots/snapshot100.jpg
snapshots/snapshot100.jpg,[-31.10344731   0.84932794  39.96408998],0.00081481073524,0,snapshots/snapshot101.jpg
snapshots/snapshot101.jpg,[-4.00076501  0.32750272  0.19567376],0.000840488025527,0,snapshots/snapshot102.jpg
snapshots/snapshot102.jpg,[ 34.50561586   0.79603731  31.73858753],0.000868482529452,0,snapshots/snapshot103.jpg
snapshots/snapshot103.jpg,[ 15.50194314   0.77448822  36.51160094],0.000866044175987,0,snapshots/snapshot104.jpg
snapshots/snapshot104.jpg,[ 43.33562279  -0.94972045   2.78274782],0.000763554815099,0,snapshots/snapshot105.jpg
snapshots/snapshot105.jpg,[-22.6868852    0.18081755  44.28001303],0.000644394329721,0,snapshots/snapshot106.jpg
snapshots/snapshot106.jpg,[ 12.39492925   0.36678575  47.06499298],0.000757020701746,0,snapshots/snapshot107.jpg
snapshots/snapshot107.jpg,[-39.81828266   0.87562537  35.65704748],0.000889903070104,0,snapshots/snapshot108.jpg
snapshots/snapshot108.jpg,[-6.18566355  0.3187505   8.37038727],0.00105814645864,1,snapshots/snapshot109.jpg
snapshots/snapshot0.jpg,,0.00068125,0,snapshots/snapshot1.jpg
snapshots/snapshot1.jpg,[ 23.71138847   0.45806907  29.81742057],0.00136225435261,0,snapshots/snapshot2.jpg
snapshots/snapshot2.jpg,[-25.3367543    0.89703852  32.04889563],0.00204645498688,0,snapshots/snapshot3.jpg
snapshots/snapshot3.jpg,[-21.35283353   0.5808992   26.49465252],0.00272906701067,0,snapshots/snapshot4.jpg
snapshots/snapshot4.jpg,[ 10.52106389   0.3239879   12.35792186],0.00341045835013,0,snapshots/snapshot5.jpg
snapshots/snapshot5.jpg,[ 0.35102134 -0.44805273  8.079313  ],0.0040880579097,0,snapshots/snapshot6.jpg
snapshots/snapshot6.jpg,[-10.5158265    0.85325275  39.98169864],0.00476560867514,0,snapshots/snapshot7.jpg
snapshots/snapshot7.jpg,[ 31.2704894   -0.6288629   29.88204822],0.00543912622527,0,snapshots/snapshot8.jpg
snapshots/snapshot8.jpg,[-23.96164214   0.34780784  39.70613511],0.00612085892891,0,snapshots/snapshot9.jpg
snapshots/snapshot0.jpg,,0.00068125,0,snapshots/snapshot1.jpg
snapshots/snapshot0.jpg,,0.00068125,0,snapshots/snapshot1.jpg
snapshots/snapshot1.jpg,[ 18.14803991   0.56724514   3.24978657],0.00136225435261,0,snapshots/snapshot2.jpg
snapshots/snapshot2.jpg,[  6.32143164  -0.77394036  14.9521601 ],0.00204211334509,0,snapshots/snapshot3.jpg
snapshots/snapshot3.jpg,[-28.19639857   0.79895999  19.04334   ],0.00272655076825,0,snapshots/snapshot4.jpg
snapshots/snapshot4.jpg,[-44.11778068   0.72186635  12.52543047],0.00340991505594,0,snapshots/snapshot5.jpg
snapshots/snapshot5.jpg,[ 38.56101466  -0.07196266  11.04193012],0.00408256111937,0,snapshots/snapshot6.jpg
snapshots/snapshot6.jpg,[ -6.199742     0.1187514   29.30127846],0.00475596988218,0,snapshots/snapshot7.jpg
snapshots/snapshot7.jpg,[-23.9829773   -0.16076374  12.3458759 ],0.00543954525009,0,snapshots/snapshot8.jpg
snapshots/snapshot8.jpg,[ 23.9187843   -0.79767301  29.10139356],0.00611558056692,0,snapshots/snapshot9.jpg
snapshots/snapshot9.jpg,[-33.14070302   0.53088878  36.16594059],0.00679075915186,0,snapshots/snapshot10.jpg
snapshots/snapshot10.jpg,[ -4.20717713e+01  -7.16688444e-03   3.49308873e+01],0.00747532000847,0,snapshots/snapshot11.jpg
snapshots/snapshot11.jpg,[-29.57352888  -0.83627808  47.16805901],0.00815795190026,0,snapshots/snapshot12.jpg
snapshots/snapshot12.jpg,[  2.31566271   0.05103665  24.62379274],0.000572946907598,0,snapshots/snapshot13.jpg
snapshots/snapshot13.jpg,[-10.27028684   0.11333947   3.79366877],0.000698510542129,0,snapshots/snapshot14.jpg
snapshots/snapshot14.jpg,[-20.85778716   0.1329905   24.50409171],0.00079516788381,0,snapshots/snapshot15.jpg
snapshots/snapshot15.jpg,[-34.37664449  -0.49912965  14.00703706],0.000813740929513,0,snapshots/snapshot16.jpg
snapshots/snapshot16.jpg,[ 24.59236139   0.08219419  46.35132193],0.000660140810848,0,snapshots/snapshot17.jpg
snapshots/snapshot17.jpg,[-28.59077449   0.56405749  41.62177424],0.000520856100508,0,snapshots/snapshot18.jpg
snapshots/snapshot18.jpg,[-13.59918549  -0.62711565  26.42090021],0.000295969831351,0,snapshots/snapshot19.jpg
snapshots/snapshot19.jpg,[-45.32119345  -0.42235879  32.79123842],0.000311230984232,0,snapshots/snapshot20.jpg
snapshots/snapshot20.jpg,[-45.81378618  -0.91557387  16.54540469],0.000440338215131,0,snapshots/snapshot21.jpg
snapshots/snapshot21.jpg,[ 45.34633125   0.68326539  38.51062956],0.000720872519951,0,snapshots/snapshot22.jpg
snapshots/snapshot22.jpg,[  5.72945465   0.65922192  33.58513356],0.000744503803456,0,snapshots/snapshot23.jpg
snapshots/snapshot23.jpg,[-12.37700874  -0.34957187   3.21642931],0.00080439907721,0,snapshots/snapshot24.jpg
snapshots/snapshot24.jpg,[-45.4525574   -0.13308619  31.66955255],0.000901413881408,0,snapshots/snapshot25.jpg
snapshots/snapshot25.jpg,[-14.18762981   0.19653408  39.93306877],0.00113580860278,0,snapshots/snapshot26.jpg
snapshots/snapshot26.jpg,[ -4.29273279   0.52575543  23.15902039],0.00142017681362,0,snapshots/snapshot27.jpg
snapshots/snapshot27.jpg,[  3.04170007   0.8997491   15.14697944],0.00147133556458,0,snapshots/snapshot28.jpg
snapshots/snapshot28.jpg,[-24.44313259   0.78399527  41.53509251],0.00145675806727,0,snapshots/snapshot29.jpg
snapshots/snapshot29.jpg,[-37.21663255  -0.91259573  46.83685787],0.00161237148826,0,snapshots/snapshot30.jpg
snapshots/snapshot30.jpg,[ -8.31980292e+00   2.23754633e-02   3.95252948e+01],0.00185101776427,0,snapshots/snapshot31.jpg
snapshots/snapshot31.jpg,[ 10.40262131  -0.58188907  41.53236081],0.00196374590262,0,snapshots/snapshot32.jpg
snapshots/snapshot32.jpg,[-31.06736009   0.89704328  23.6059177 ],0.00212093696526,0,snapshots/snapshot33.jpg
snapshots/snapshot33.jpg,[-39.97709595   0.94738836  47.28880515],0.00230030369633,0,snapshots/snapshot34.jpg
snapshots/snapshot34.jpg,[ 25.5872137   -0.31804294  14.11575701],0.00236795729668,0,snapshots/snapshot35.jpg
snapshots/snapshot35.jpg,[ -8.73877728   0.0340959   25.65272962],0.00232830481609,0,snapshots/snapshot36.jpg
snapshots/snapshot36.jpg,[-28.86482216   0.56198816  46.94866453],0.00232625626652,0,snapshots/snapshot37.jpg
snapshots/snapshot37.jpg,[ 2.46963818  0.67175889  8.25908996],0.00251413640957,0,snapshots/snapshot38.jpg
snapshots/snapshot38.jpg,[ 19.13724589   0.07723071  45.85131607],0.00239194321915,0,snapshots/snapshot39.jpg
snapshots/snapshot39.jpg,[ 17.12463424  -0.1128843    6.55909629],0.00226717366401,0,snapshots/snapshot40.jpg
snapshots/snapshot40.jpg,[ 41.53115729  -0.99188643  16.33500039],0.002189996224,0,snapshots/snapshot41.jpg
snapshots/snapshot41.jpg,[-45.58947233   0.31889276  10.57419753],0.00202793470275,0,snapshots/snapshot42.jpg
snapshots/snapshot42.jpg,[ 13.89108724  -0.1069246   48.26876088],0.00198265779778,0,snapshots/snapshot43.jpg
snapshots/snapshot43.jpg,[ 18.09125309  -0.7313471   31.42348866],0.00188182998517,0,snapshots/snapshot44.jpg
snapshots/snapshot44.jpg,[  2.52043539  -0.5973064   28.13542113],0.00170333931485,0,snapshots/snapshot45.jpg
snapshots/snapshot45.jpg,[  8.72222497   0.42206092  48.40779151],0.0015246785808,0,snapshots/snapshot46.jpg
snapshots/snapshot46.jpg,[-3.41958181  0.35420832  3.13624979],0.00141343751765,0,snapshots/snapshot47.jpg
snapshots/snapshot47.jpg,[-45.14943116  -0.51739045  35.25582398],0.00139604412216,0,snapshots/snapshot48.jpg
snapshots/snapshot48.jpg,[ -0.88648468   0.22500361  37.83171432],0.00154564363209,0,snapshots/snapshot49.jpg
snapshots/snapshot49.jpg,[-16.87076847  -0.29511575  36.3803552 ],0.00161862374654,0,snapshots/snapshot50.jpg
snapshots/snapshot50.jpg,[-14.87580656  -0.21279786  45.24394293],0.00175816096373,0,snapshots/snapshot51.jpg
snapshots/snapshot51.jpg,[ 31.56364075   0.56778792  27.34849709],0.0017324865844,0,snapshots/snapshot52.jpg
snapshots/snapshot52.jpg,[  2.41147961  -0.46021989  27.70655629],0.0016039743809,0,snapshots/snapshot53.jpg
snapshots/snapshot53.jpg,[ -9.89570368   0.69676138  31.92461102],0.00147276102636,0,snapshots/snapshot54.jpg
snapshots/snapshot54.jpg,[-12.18917826  -0.7436041   41.37541367],0.00143310890202,0,snapshots/snapshot55.jpg
snapshots/snapshot55.jpg,[ 49.49342544   0.29106978  47.75725004],0.00140548364874,0,snapshots/snapshot56.jpg
snapshots/snapshot56.jpg,[ 5.00000468  0.8485436   2.21692901],0.00123062662092,0,snapshots/snapshot57.jpg
snapshots/snapshot57.jpg,[  4.71421263  -0.16222001  15.91454933],0.00105811366426,0,snapshots/snapshot58.jpg
snapshots/snapshot58.jpg,[ -5.75944565   0.61433409  33.73374718],0.000976658882209,0,snapshots/snapshot59.jpg
snapshots/snapshot59.jpg,[ 38.09122159  -0.12824145  24.00513745],0.000900274473361,0,snapshots/snapshot60.jpg
snapshots/snapshot60.jpg,[ -7.53143508   0.77033831  12.90454436],0.000686978842094,0,snapshots/snapshot61.jpg
snapshots/snapshot61.jpg,[ 18.16457771   0.03776933  26.28115683],0.000470577665181,0,snapshots/snapshot62.jpg
snapshots/snapshot62.jpg,[-49.22923231  -0.33584884   8.66457089],0.000557824168064,0,snapshots/snapshot63.jpg
snapshots/snapshot63.jpg,[ 16.17629054   0.37107501  35.63955443],0.000314797129745,0,snapshots/snapshot64.jpg
snapshots/snapshot64.jpg,[-40.08046415   0.10057057  27.75400573],0.000216111569027,0,snapshots/snapshot65.jpg
snapshots/snapshot65.jpg,[-24.69217271  -0.48538376  20.2560702 ],0.00026327224414,0,snapshots/snapshot66.jpg
snapshots/snapshot66.jpg,[-43.65228424  -0.56680541  24.04682052],0.000198366480178,0,snapshots/snapshot67.jpg
snapshots/snapshot67.jpg,[ 45.2991678    0.71456937  28.27778883],0.000153479660563,0,snapshots/snapshot68.jpg
snapshots/snapshot68.jpg,[ -2.19276939  -0.52806263  31.37447307],0.000220021353196,0,snapshots/snapshot69.jpg
snapshots/snapshot69.jpg,[ 10.87017263   0.89351111  27.47661854],0.000374663669583,0,snapshots/snapshot70.jpg
snapshots/snapshot70.jpg,[-31.10468628   0.04427395  12.22439481],0.000502277831383,0,snapshots/snapshot71.jpg
snapshots/snapshot71.jpg,[-44.21297071   0.62467832   0.15543121],0.000649329035821,0,snapshots/snapshot72.jpg
snapshots/snapshot72.jpg,[-41.49089757  -0.83687267  19.84064073],0.000705460658266,0,snapshots/snapshot73.jpg
snapshots/snapshot73.jpg,[ 33.31904604   0.93724942  31.98375438],0.000762656363844,0,snapshots/snapshot74.jpg
snapshots/snapshot74.jpg,[-26.01736301  -0.07158354  19.71752837],0.000858761468802,0,snapshots/snapshot75.jpg
snapshots/snapshot75.jpg,[-32.15714284   0.40528969  13.47857113],0.00101365505333,0,snapshots/snapshot76.jpg
snapshots/snapshot76.jpg,[ 11.13224874  -0.30282453   4.40474523],0.000846465334146,0,snapshots/snapshot77.jpg
snapshots/snapshot77.jpg,[-30.1774623   -0.78825651   9.97625807],0.000705967016883,0,snapshots/snapshot78.jpg
snapshots/snapshot78.jpg,[-25.70020213  -0.17953759  11.26838821],0.000522274841582,0,snapshots/snapshot79.jpg
snapshots/snapshot79.jpg,[ 18.00711887   0.64235919   6.92280266],0.000341600461833,0,snapshots/snapshot80.jpg
snapshots/snapshot80.jpg,[ 28.57869532   0.63564667  18.66081106],0.000465718660609,0,snapshots/snapshot81.jpg
snapshots/snapshot81.jpg,[-23.36911072  -0.74741739   3.49377159],0.000385010381862,0,snapshots/snapshot82.jpg
snapshots/snapshot82.jpg,[ 14.81092204  -0.55091293   2.76127217],0.000324741736224,0,snapshots/snapshot83.jpg
snapshots/snapshot83.jpg,[-39.68820212   0.28304642  10.33245097],0.000191805428536,0,snapshots/snapshot84.jpg
snapshots/snapshot84.jpg,[ 34.06473876   0.21975904  41.72023546],0.000274291353871,0,snapshots/snapshot85.jpg
snapshots/snapshot85.jpg,[ 15.72004347  -0.44058468   0.45034215],0.000240339922826,0,snapshots/snapshot86.jpg
snapshots/snapshot86.jpg,[-18.70604614   0.18934346  48.2141175 ],0.000436600100855,0,snapshots/snapshot87.jpg
snapshots/snapshot87.jpg,[ 34.77640805  -0.3701173   49.87111536],0.000319711896783,0,snapshots/snapshot88.jpg
snapshots/snapshot88.jpg,[ 22.85278468  -0.67506631  16.09509518],4.22042248272e-05,0,snapshots/snapshot89.jpg
snapshots/snapshot89.jpg,[ 15.67392262   0.13159426  10.41506818],0.000204633750344,0,snapshots/snapshot90.jpg
snapshots/snapshot90.jpg,[-38.90401866   0.47027949  31.23866569],0.000371954249464,0,snapshots/snapshot91.jpg
snapshots/snapshot91.jpg,[ 24.56564498   0.65870797  34.63220255],0.000466949966864,0,snapshots/snapshot92.jpg
snapshots/snapshot92.jpg,[-47.4903884    0.77736734  35.23454702],0.000718509729983,0,snapshots/snapshot93.jpg
snapshots/snapshot93.jpg,[ 22.11688799   0.29543651  46.19770124],0.000954463417816,0,snapshots/snapshot94.jpg
snapshots/snapshot94.jpg,[ -7.7702356    0.61819431  11.7466491 ],0.00115321264632,0,snapshots/snapshot95.jpg
snapshots/snapshot95.jpg,[ 41.40387754   0.16288137  11.6073291 ],0.00130190436228,0,snapshots/snapshot96.jpg
snapshots/snapshot96.jpg,[ -0.42845255  -0.13702984  35.42105649],0.00157957517236,0,snapshots/snapshot97.jpg
snapshots/snapshot97.jpg,[-24.51660065  -0.06342197  43.3052835 ],0.00181340534884,0,snapshots/snapshot98.jpg
snapshots/snapshot98.jpg,[ -5.7443378   -0.38603247  23.4211642 ],0.00167734515428,0,snapshots/snapshot99.jpg
snapshots/snapshot99.jpg,[-18.02846317   0.10905822  45.08538202],0.00152249078666,0,snapshots/snapshot100.jpg
snapshots/snapshot100.jpg,[ 44.44021283   0.37407027  35.13250082],0.00133498076294,0,snapshots/snapshot101.jpg
snapshots/snapshot101.jpg,[  1.97988014   0.68945     44.88010129],0.00122231931402,0,snapshots/snapshot102.jpg
snapshots/snapshot102.jpg,[ 24.21085584  -0.55240377  39.6666912 ],0.00114600655745,0,snapshots/snapshot103.jpg
snapshots/snapshot103.jpg,[-21.46779366   0.27763266  26.64760714],0.00106580455884,0,snapshots/snapshot104.jpg
snapshots/snapshot104.jpg,[-21.35009162  -0.56598924  31.04347137],0.000862989918646,0,snapshots/snapshot105.jpg
snapshots/snapshot105.jpg,[ 32.88741854   0.49110672  15.07262734],0.000840677502686,0,snapshots/snapshot106.jpg
snapshots/snapshot106.jpg,[-27.90263908   0.88433486  18.82001319],0.00102920900178,0,snapshots/snapshot107.jpg
snapshots/snapshot107.jpg,[-38.54502533  -0.75755223  20.68207105],0.00117895978242,0,snapshots/snapshot108.jpg
snapshots/snapshot108.jpg,[ 16.75007169   0.37350221  24.74846901],0.00107785761599,0,snapshots/snapshot109.jpg
snapshots/snapshot109.jpg,[ -1.95608634  -0.77698852  24.61244056],0.000861022372078,1,snapshots/snapshot110.jpg
snapshots/snapshot0.jpg,,0.00068125,0,snapshots/snapshot1.jpg
snapshots/snapshot1.jpg,[ 30.25674038  -0.68526363  22.68486942],0.00136225435261,0,snapshots/snapshot2.jpg
snapshots/snapshot2.jpg,[ 30.85306139   0.97366553  31.61854133],0.00203875633078,0,snapshots/snapshot3.jpg
snapshots/snapshot3.jpg,[  5.02968108  -0.3378119   20.45854921],0.00271930571778,0,snapshots/snapshot4.jpg
snapshots/snapshot4.jpg,[ 40.27184929   0.3162981    4.67536614],0.00339996379448,0,snapshots/snapshot5.jpg
snapshots/snapshot5.jpg,[ 21.29560302   0.42553234  41.46176742],0.00407771554696,0,snapshots/snapshot6.jpg
snapshots/snapshot6.jpg,[-29.41955862   0.74912173  26.29665304],0.00475533051942,0,snapshots/snapshot7.jpg
snapshots/snapshot7.jpg,[ 20.8140164    0.19512951  49.47970061],0.00543307773726,0,snapshots/snapshot8.jpg
snapshots/snapshot8.jpg,[ 37.35060181  -0.27367216  10.08088538],0.00610833456347,0,snapshots/snapshot9.jpg
snapshots/snapshot9.jpg,[-13.25570825  -0.13819497  28.93217316],0.00678365228132,0,snapshots/snapshot10.jpg
snapshots/snapshot10.jpg,[ 49.86292922   0.2589614   16.35302302],0.00745737705611,0,snapshots/snapshot11.jpg
snapshots/snapshot11.jpg,[-41.55530923   0.80594214  38.5717354 ],0.00496971185543,0,snapshots/snapshot12.jpg
snapshots/snapshot12.jpg,[ -1.55895039  -0.72276477  17.68416886],0.00182281288702,0,snapshots/snapshot13.jpg
snapshots/snapshot13.jpg,[-23.71990276  -0.43051063  16.84793396],0.00171904257424,0,snapshots/snapshot14.jpg
snapshots/snapshot14.jpg,[  6.30541278  -0.31635259  17.40521251],0.00177052442454,0,snapshots/snapshot15.jpg
snapshots/snapshot15.jpg,[  0.17835732   0.88303838  32.69550317],0.00181949930184,0,snapshots/snapshot16.jpg
snapshots/snapshot16.jpg,[-31.15400989   0.15125874  24.51192217],0.00183739305768,0,snapshots/snapshot17.jpg
snapshots/snapshot17.jpg,[-21.59042271  -0.48632283  34.62174266],0.00161517816281,0,snapshots/snapshot18.jpg
snapshots/snapshot18.jpg,[ 20.09694359  -0.20649118  22.35216225],0.00147751937071,0,snapshots/snapshot19.jpg
snapshots/snapshot19.jpg,[-41.98230255   0.11922476  45.82457714],0.00151011620939,0,snapshots/snapshot20.jpg
snapshots/snapshot0.jpg,,0.00068125,0,snapshots/snapshot1.jpg
snapshots/snapshot1.jpg,[-34.48026141  -0.35613041  19.11563556],0.00136225435261,0,snapshots/snapshot2.jpg
snapshots/snapshot0.jpg,,0.00068125,0,snapshots/snapshot1.jpg
snapshots/snapshot1.jpg,[  3.58774601  -0.1863789   30.08397042],0.00136225435261,0,snapshots/snapshot2.jpg
snapshots/snapshot2.jpg,[-49.92659143   0.44907744  18.78087968],0.00204982700529,0,snapshots/snapshot3.jpg
snapshots/snapshot0.jpg,,0.00068125,0,snapshots/snapshot1.jpg
snapshots/snapshot1.jpg,[-34.33025418   0.35538207  18.15142889],0.00136225435261,0,snapshots/snapshot2.jpg
snapshots/snapshot2.jpg,[-15.85103212  -0.88968505  12.19625845],0.00204515378002,0,snapshots/snapshot3.jpg
snapshots/snapshot3.jpg,[ 12.8758573   -0.28972274  26.05998542],0.00272334055257,0,snapshots/snapshot4.jpg
snapshots/snapshot4.jpg,[-47.93124474  -0.27448887  19.58575789],0.00340137338331,0,snapshots/snapshot5.jpg
snapshots/snapshot5.jpg,[-39.93494438   0.51548307  11.57696074],0.00408698880566,0,snapshots/snapshot6.jpg
snapshots/snapshot6.jpg,[ 10.34135602   0.60163577  23.36531139],0.00477112465792,0,snapshots/snapshot7.jpg
snapshots/snapshot7.jpg,[ 18.57595339  -0.73403287  11.31511779],0.00544503812077,0,snapshots/snapshot8.jpg
snapshots/snapshot8.jpg,[-40.81170482   0.18549834   2.34692987],0.00612630536147,0,snapshots/snapshot9.jpg
snapshots/snapshot9.jpg,[ 28.8430317    0.8927805   10.20331201],0.00680831872726,0,snapshots/snapshot10.jpg
snapshots/snapshot10.jpg,[-29.55876111   0.71237106  43.67328257],0.00748653004715,0,snapshots/snapshot11.jpg
snapshots/snapshot11.jpg,[ 36.60026032  -0.05533813  31.43102294],0.0081635618503,0,snapshots/snapshot12.jpg
snapshots/snapshot12.jpg,[-40.03049445   0.39298973  25.10966028],0.00180481761288,0,snapshots/snapshot13.jpg
snapshots/snapshot13.jpg,[-18.99571555  -0.74245968  29.75209126],0.00214730988839,0,snapshots/snapshot14.jpg
snapshots/snapshot14.jpg,[ 32.55072054  -0.85479193  29.27112132],0.00220408313502,0,snapshots/snapshot15.jpg
snapshots/snapshot15.jpg,[ 20.03197825   0.87779402  46.13091142],0.00212741379619,0,snapshots/snapshot16.jpg
snapshots/snapshot16.jpg,[  2.10751706   0.37971127  25.59589579],0.00192409006075,0,snapshots/snapshot17.jpg
snapshots/snapshot17.jpg,[  2.69224792  -0.80932763  37.1505547 ],0.0017597539342,0,snapshots/snapshot18.jpg
snapshots/snapshot18.jpg,[ 28.50807096  -0.49423102   0.6551553 ],0.00164534186171,0,snapshots/snapshot19.jpg
snapshots/snapshot19.jpg,[-13.54887455   0.64634796   1.7987988 ],0.0014527172968,0,snapshots/snapshot20.jpg
snapshots/snapshot20.jpg,[ 11.37486663   0.88968527  21.67887104],0.00128014861659,0,snapshots/snapshot21.jpg
snapshots/snapshot21.jpg,[ -2.0674493    0.45949879  24.75427696],0.00107724273347,0,snapshots/snapshot22.jpg
snapshots/snapshot22.jpg,[ 45.32961761  -0.31432453   1.40830081],0.000844074920797,0,snapshots/snapshot23.jpg
snapshots/snapshot23.jpg,[-41.51954396   0.80235208  47.05033276],0.000681536972408,0,snapshots/snapshot24.jpg
snapshots/snapshot24.jpg,[-19.09756292   0.91427997  23.55106419],0.000468180065243,0,snapshots/snapshot25.jpg
snapshots/snapshot25.jpg,[  3.68179392  -0.09246523  34.84490566],0.000441129707917,0,snapshots/snapshot26.jpg
snapshots/snapshot26.jpg,[ 17.0944167    0.51018555  48.84483425],0.000415421643685,0,snapshots/snapshot27.jpg
snapshots/snapshot27.jpg,[ -3.6553165   -0.6956753   18.93044665],0.000246071630647,0,snapshots/snapshot28.jpg
snapshots/snapshot28.jpg,[ 32.93449066  -0.69426031   6.37816036],0.000149602787702,0,snapshots/snapshot29.jpg
snapshots/snapshot29.jpg,[ 29.53813858  -0.57238428  17.1096358 ],0.000258905809699,0,snapshots/snapshot30.jpg
snapshots/snapshot30.jpg,[-16.87475406   0.54432575  40.28059715],0.000429482765948,0,snapshots/snapshot31.jpg
snapshots/snapshot31.jpg,[-35.8387611    0.79348647   4.58254826],0.000506522731323,0,snapshots/snapshot32.jpg
snapshots/snapshot32.jpg,[  7.9293298    0.27387577  42.4220749 ],0.000351504369977,0,snapshots/snapshot33.jpg
snapshots/snapshot33.jpg,[-43.61270173  -0.77366673  37.4053789 ],0.000294134889041,0,snapshots/snapshot34.jpg
snapshots/snapshot34.jpg,[ 22.37402146  -0.07438709  22.04775377],0.000220756698457,0,snapshots/snapshot35.jpg
snapshots/snapshot35.jpg,[ 48.01874954   0.16587341  29.23579344],0.000344937767774,0,snapshots/snapshot36.jpg
snapshots/snapshot36.jpg,[ 31.48278447   0.24580389   7.53707477],0.000504510380254,0,snapshots/snapshot37.jpg
snapshots/snapshot37.jpg,[ 43.45689825  -0.61249394  49.91746081],0.000822754813644,0,snapshots/snapshot38.jpg
snapshots/snapshot38.jpg,[-33.21245444   0.78073021   1.79848301],0.000858678305694,0,snapshots/snapshot39.jpg
snapshots/snapshot39.jpg,[ 49.62274331   0.3688708    8.75503856],0.0010303536501,0,snapshots/snapshot40.jpg
snapshots/snapshot40.jpg,[-39.67685742   0.34154753  45.48415538],0.00121465754666,0,snapshots/snapshot41.jpg
snapshots/snapshot41.jpg,[-28.24427539  -0.57007754  35.02500429],0.00117874134956,0,snapshots/snapshot42.jpg
snapshots/snapshot42.jpg,[ 20.57467326  -0.41343091  35.74445624],0.00106433290735,0,snapshots/snapshot43.jpg
snapshots/snapshot43.jpg,[  5.21291423   0.428066    37.76845714],0.000973485043488,0,snapshots/snapshot44.jpg
snapshots/snapshot44.jpg,[-36.56166141  -0.24174321  26.61277932],0.000877492525661,0,snapshots/snapshot45.jpg
snapshots/snapshot45.jpg,[  3.26836417   0.71805435  11.13403558],0.000728726412969,0,snapshots/snapshot46.jpg
snapshots/snapshot46.jpg,[-10.43889793  -0.21154656  27.81577171],0.000588844777658,0,snapshots/snapshot47.jpg
snapshots/snapshot47.jpg,[-47.52114398   0.67417766   8.75288285],0.000564894886774,0,snapshots/snapshot48.jpg
snapshots/snapshot48.jpg,[-34.51822867  -0.17479137  16.23539906],0.000383176103748,0,snapshots/snapshot49.jpg
snapshots/snapshot49.jpg,[ 12.77191213   0.88866225  44.47668129],0.00027124800479,0,snapshots/snapshot50.jpg
snapshots/snapshot50.jpg,[ 37.25027483  -0.90068953  47.0938176 ],0.000233104648134,0,snapshots/snapshot51.jpg
snapshots/snapshot51.jpg,[-44.43090723  -0.64752694  39.9049674 ],0.000314586974542,0,snapshots/snapshot52.jpg
snapshots/snapshot52.jpg,[-11.14288317   0.49071574   9.95904213],0.000296190718423,0,snapshots/snapshot53.jpg
snapshots/snapshot53.jpg,[ 15.3206937   -0.73169351  26.47261268],0.00014630467798,0,snapshots/snapshot54.jpg
snapshots/snapshot54.jpg,[ 6.63427799 -0.8512469   7.08427767],0.000300033113228,0,snapshots/snapshot55.jpg
snapshots/snapshot55.jpg,[ 16.96585508  -0.23434411  18.08478617],0.000326743768579,0,snapshots/snapshot56.jpg
snapshots/snapshot56.jpg,[-21.5884015    0.46153635  20.51546745],0.000399644844896,0,snapshots/snapshot57.jpg
snapshots/snapshot57.jpg,[-18.07249169  -0.96713908  30.67124813],0.000223017949924,0,snapshots/snapshot58.jpg
snapshots/snapshot58.jpg,[ 40.56375483   0.1737196   32.20267768],0.000242409654642,0,snapshots/snapshot59.jpg
snapshots/snapshot59.jpg,[ 2.93610624  0.39891833  7.93741724],0.000433531209581,0,snapshots/snapshot60.jpg
snapshots/snapshot60.jpg,[-27.55303717  -0.55499854  22.22066354],0.00056750657662,0,snapshots/snapshot61.jpg
snapshots/snapshot61.jpg,[ 28.48180402  -0.51054497  12.76604331],0.000708565430092,0,snapshots/snapshot62.jpg
snapshots/snapshot62.jpg,[-36.03504096   0.53205476   1.7003269 ],0.000779528859494,0,snapshots/snapshot63.jpg
snapshots/snapshot63.jpg,[-44.99072574   0.86893367  25.43706079],0.000948350526286,0,snapshots/snapshot64.jpg
snapshots/snapshot64.jpg,[-38.12334824   0.08732834  48.89445361],0.000805267208457,0,snapshots/snapshot65.jpg
snapshots/snapshot65.jpg,[ 30.53253615  -0.84116712  36.90340595],0.000633317895387,0,snapshots/snapshot66.jpg
snapshots/snapshot66.jpg,[ 44.82538066  -0.35141016  12.88720018],0.00078428847627,0,snapshots/snapshot67.jpg
snapshots/snapshot67.jpg,[ 47.72452399  -0.60442448  22.14458013],0.000931118667966,0,snapshots/snapshot68.jpg
snapshots/snapshot68.jpg,[ 25.10399013   0.76398122  33.71172486],0.00134080684161,0,snapshots/snapshot69.jpg
snapshots/snapshot69.jpg,[ 48.20029099   0.14815515  10.21805714],0.00131574848893,0,snapshots/snapshot70.jpg
snapshots/snapshot70.jpg,[-47.58678746  -0.81348762  10.33660683],0.00162453084171,0,snapshots/snapshot71.jpg
snapshots/snapshot71.jpg,[-3.92098606  0.51678336  8.93631223],0.00173914021138,0,snapshots/snapshot72.jpg
snapshots/snapshot72.jpg,[-40.60158681  -0.43964985   4.53894716],0.00182424910239,0,snapshots/snapshot73.jpg
snapshots/snapshot73.jpg,[ -6.07110813  -0.52308355  38.58369906],0.0018001340131,0,snapshots/snapshot74.jpg
snapshots/snapshot74.jpg,[ 11.32749836   0.91546316  39.26231401],0.00171687832828,0,snapshots/snapshot75.jpg
snapshots/snapshot75.jpg,[ 32.59647353   0.45452412   1.16407177],0.00178780778376,0,snapshots/snapshot76.jpg
snapshots/snapshot76.jpg,[-30.37104671   0.65206646  13.28186296],0.00201301274385,0,snapshots/snapshot77.jpg
snapshots/snapshot77.jpg,[-18.49726266  -0.41226539  19.03596649],0.00205371048455,0,snapshots/snapshot78.jpg
snapshots/snapshot78.jpg,[ -7.5160257    0.63926955  32.76336339],0.00189986972934,0,snapshots/snapshot79.jpg
snapshots/snapshot79.jpg,[ -8.86172407   0.41076834  21.43653314],0.00180014040908,0,snapshots/snapshot80.jpg
snapshots/snapshot80.jpg,[ 10.59635969  -0.75238964  47.76529786],0.00169968722601,0,snapshots/snapshot81.jpg
snapshots/snapshot81.jpg,[ -4.08227159e+00  -2.09864423e-03   4.09393973e+01],0.0015141599925,0,snapshots/snapshot82.jpg
snapshots/snapshot82.jpg,[ 15.7052179   -0.25195139   2.775368  ],0.00136329587707,0,snapshots/snapshot83.jpg
snapshots/snapshot83.jpg,[-24.75373612  -0.26978456  35.93771786],0.00128890289743,0,snapshots/snapshot84.jpg
snapshots/snapshot84.jpg,[-16.20561805  -0.59590259  38.50284895],0.00112161102694,0,snapshots/snapshot85.jpg
snapshots/snapshot85.jpg,[ -3.38400290e+01  -4.65075065e-02   4.97917595e+01],0.000956751469253,0,snapshots/snapshot86.jpg
snapshots/snapshot86.jpg,[ 25.90661327  -0.30287592  44.11952032],0.000772510158312,0,snapshots/snapshot87.jpg
snapshots/snapshot87.jpg,[ 25.7745431   -0.35296825  17.34757388],0.000646562434072,0,snapshots/snapshot88.jpg
snapshots/snapshot88.jpg,[ -2.89087276e+01  -3.16542978e-02   3.89183745e+01],0.000633877383706,0,snapshots/snapshot89.jpg
snapshots/snapshot89.jpg,[ 46.07751221   0.23685547  10.0461171 ],0.000724368241892,0,snapshots/snapshot90.jpg
snapshots/snapshot90.jpg,[ 21.78111995   0.71786433  24.0010267 ],0.000844700238051,0,snapshots/snapshot91.jpg
snapshots/snapshot91.jpg,[ 49.53630775   0.38066902  37.89944503],0.000992895036028,0,snapshots/snapshot92.jpg
snapshots/snapshot92.jpg,[ 33.45669217  -0.60842227  24.05531283],0.00120810635141,0,snapshots/snapshot93.jpg
snapshots/snapshot93.jpg,[-39.46881433   0.25976344  16.03072272],0.00137674658371,0,snapshots/snapshot94.jpg
snapshots/snapshot94.jpg,[-25.84382664  -0.82275638  43.9955156 ],0.00140223666829,0,snapshots/snapshot95.jpg
snapshots/snapshot95.jpg,[ 44.16517418   0.05832331  25.39927696],0.00135247510441,0,snapshots/snapshot96.jpg
snapshots/snapshot96.jpg,[-26.22473919  -0.3590602   49.38410797],0.00163044285545,0,snapshots/snapshot97.jpg
snapshots/snapshot97.jpg,[-42.66560722  -0.51498938  42.87841404],0.00170027671659,0,snapshots/snapshot98.jpg
snapshots/snapshot98.jpg,[ -3.94907008   0.64262898  40.87881909],0.00152246149424,0,snapshots/snapshot99.jpg
snapshots/snapshot99.jpg,[ 23.74393471   0.7649984   18.66592109],0.00137919181694,0,snapshots/snapshot100.jpg
snapshots/snapshot100.jpg,[ -6.49943094  -0.62943158  39.57072364],0.00145014993078,0,snapshots/snapshot101.jpg
snapshots/snapshot101.jpg,[ -9.2207305    0.78725133  14.09577257],0.00144798834914,0,snapshots/snapshot102.jpg
snapshots/snapshot102.jpg,[-19.10342681   0.03355629   9.56252365],0.00137900460536,0,snapshots/snapshot103.jpg
snapshots/snapshot103.jpg,[-24.17142842   0.0458094   22.30481966],0.00135786115283,0,snapshots/snapshot104.jpg
snapshots/snapshot104.jpg,[ 28.22407915  -0.03089296  20.01116105],0.00112554909222,0,snapshots/snapshot105.jpg
snapshots/snapshot105.jpg,[  0.39248782   0.77956209  29.2428464 ],0.000954572476964,0,snapshots/snapshot106.jpg
snapshots/snapshot106.jpg,[-24.33679057   0.45254438  49.98901316],0.000791983201935,0,snapshots/snapshot107.jpg
snapshots/snapshot107.jpg,[  0.48448061   0.04230403  32.86478143],0.000731680456973,0,snapshots/snapshot108.jpg
snapshots/snapshot108.jpg,[ 40.86198805  -0.2394918   29.60103505],0.000683687858727,1,snapshots/snapshot109.jpg
snapshots/snapshot0.jpg,,0.00068125,0,snapshots/snapshot1.jpg
snapshots/snapshot0.jpg,,0.00068125,0,snapshots/snapshot1.jpg
snapshots/snapshot0.jpg,,0.00068125,0,snapshots/snapshot1.jpg
snapshots/snapshot1.jpg,[  3.22065654e+01  -9.05079319e-04   1.59504888e+01],0.00136225435261,0,snapshots/snapshot2.jpg
snapshots/snapshot2.jpg,[ 37.77147306   0.88066617  45.19803096],0.00203780864123,0,snapshots/snapshot3.jpg
snapshots/snapshot3.jpg,[-24.22773564  -0.60748348  13.95271294],0.00272256165995,0,snapshots/snapshot4.jpg
snapshots/snapshot4.jpg,[ 25.5727886   -0.82572155  24.9372972 ],0.00340669577336,0,snapshots/snapshot5.jpg
snapshots/snapshot5.jpg,[ 10.94803219  -0.31943462  25.49340681],0.00408409900974,0,snapshots/snapshot6.jpg
snapshots/snapshot6.jpg,[ 3.28615275  0.80698363  5.48377095],0.00476117602522,0,snapshots/snapshot7.jpg
snapshots/snapshot7.jpg,[-39.47366092   0.52608958  15.71815702],0.00544552020806,0,snapshots/snapshot8.jpg
snapshots/snapshot8.jpg,[ -1.95420791  -0.64642851  43.45873998],0.00612327259923,0,snapshots/snapshot9.jpg
snapshots/snapshot9.jpg,[-37.30872189   0.6409683   29.81772871],0.00679987576321,0,snapshots/snapshot10.jpg
snapshots/snapshot10.jpg,[-39.40170121  -0.42140955  38.61435983],0.00748148443745,0,snapshots/snapshot11.jpg
snapshots/snapshot11.jpg,[-28.84390839  -0.63475179  25.07303888],0.00816166263226,0,snapshots/snapshot12.jpg
snapshots/snapshot12.jpg,[  2.64761983   0.17789036  32.46942055],0.00116447334645,0,snapshots/snapshot13.jpg
snapshots/snapshot13.jpg,[-4.58669413  0.19146654  8.11575271],0.00120482301571,0,snapshots/snapshot14.jpg
snapshots/snapshot14.jpg,[  4.77348675   0.58446839  34.26921749],0.00114504156049,0,snapshots/snapshot15.jpg
snapshots/snapshot15.jpg,[ 41.93884146  -0.69701739  27.02636802],0.00104053641005,0,snapshots/snapshot16.jpg
snapshots/snapshot16.jpg,[ 27.7653708    0.67634307  33.35463968],0.00096107037935,0,snapshots/snapshot17.jpg
snapshots/snapshot17.jpg,[-37.4600388    0.55663689  34.08335762],0.000817235772789,0,snapshots/snapshot18.jpg
snapshots/snapshot18.jpg,[-28.30062655   0.17774244  36.21891558],0.00065587164433,0,snapshots/snapshot19.jpg
snapshots/snapshot19.jpg,[-17.72080593   0.01947251  19.13901647],0.000617452367853,0,snapshots/snapshot20.jpg
snapshots/snapshot20.jpg,[ 34.07152598  -0.13681151  27.60695101],0.000609831152817,0,snapshots/snapshot21.jpg
snapshots/snapshot21.jpg,[-38.54050885   0.31717919  38.25110175],0.000487917792815,0,snapshots/snapshot22.jpg
snapshots/snapshot22.jpg,[-13.9285353   -0.73581642  15.49533597],0.000322323004457,0,snapshots/snapshot23.jpg
snapshots/snapshot23.jpg,[ -6.67772148  -0.19728827  35.94697861],0.000339253610611,0,snapshots/snapshot24.jpg
snapshots/snapshot24.jpg,[ 35.31430222  -0.06313994  24.08635526],0.000273833045186,0,snapshots/snapshot25.jpg
snapshots/snapshot25.jpg,[ 21.42462213   0.48549463  28.87984045],0.000285833406845,0,snapshots/snapshot26.jpg
snapshots/snapshot26.jpg,[-37.91504793   0.13703953  14.44308523],0.000228074019136,0,snapshots/snapshot27.jpg
snapshots/snapshot27.jpg,[ -2.10181683  -0.80567308  17.64789601],0.000247763879091,0,snapshots/snapshot28.jpg
snapshots/snapshot28.jpg,[  3.49496886e+01  -1.00240111e-03   8.91126251e+00],0.000219774599653,0,snapshots/snapshot29.jpg
snapshots/snapshot29.jpg,[ 41.97904169  -0.49529101  24.5356442 ],0.000204390814515,0,snapshots/snapshot30.jpg
snapshots/snapshot30.jpg,[ 41.17765899  -0.95080078  22.09364765],0.000390556734907,0,snapshots/snapshot31.jpg
snapshots/snapshot31.jpg,[-17.35084586  -0.6843386   15.22820761],0.000589990366752,0,snapshots/snapshot32.jpg
snapshots/snapshot32.jpg,[-10.74501252  -0.65530623  21.38781345],0.000808467300989,0,snapshots/snapshot33.jpg
snapshots/snapshot33.jpg,[ 28.2460704   -0.80053449   1.80323329],0.000906778201884,0,snapshots/snapshot34.jpg
snapshots/snapshot34.jpg,[-41.36696611   0.57383183  11.39291993],0.00096801741597,0,snapshots/snapshot35.jpg
snapshots/snapshot35.jpg,[-33.4059424    0.18233609  44.78095528],0.000884968158743,0,snapshots/snapshot36.jpg
snapshots/snapshot36.jpg,[ 21.12148108   0.86276951  30.52350363],0.000777418055762,0,snapshots/snapshot37.jpg
snapshots/snapshot37.jpg,[  4.37161939  -0.84315522  33.4153113 ],0.000656042397788,0,snapshots/snapshot38.jpg
snapshots/snapshot38.jpg,[-26.53618152   0.26070537  32.3782873 ],0.000752495702055,0,snapshots/snapshot39.jpg
snapshots/snapshot39.jpg,[ 32.9922619    0.80783938   2.31479486],0.000770525172856,0,snapshots/snapshot40.jpg
snapshots/snapshot40.jpg,[ 24.32726961  -0.73520865  44.99126856],0.000804488088889,0,snapshots/snapshot41.jpg
snapshots/snapshot41.jpg,[ 33.16795838   0.18338746  30.90134262],0.000941323173526,0,snapshots/snapshot42.jpg
snapshots/snapshot42.jpg,[-19.71331594   0.69613612   3.83380867],0.00108339672839,0,snapshots/snapshot43.jpg
snapshots/snapshot43.jpg,[  4.06548564   0.26591021  40.06426645],0.00110074798187,0,snapshots/snapshot44.jpg
snapshots/snapshot44.jpg,[-10.65092677   0.57675089   7.70147427],0.00104952027506,0,snapshots/snapshot45.jpg
snapshots/snapshot45.jpg,[-10.03562491  -0.39515395  39.51481717],0.000888075895761,0,snapshots/snapshot46.jpg
snapshots/snapshot46.jpg,[-8.7844336   0.0555848   3.09811291],0.000771868694731,0,snapshots/snapshot47.jpg
snapshots/snapshot47.jpg,[  3.19092886e-02  -1.99132164e-01   4.93050021e+01],0.000676825622044,0,snapshots/snapshot48.jpg
snapshots/snapshot48.jpg,[ 27.57801975   0.29906949  39.70210432],0.000714025670946,0,snapshots/snapshot49.jpg
snapshots/snapshot49.jpg,[-15.52840328  -0.737762    16.38146115],0.000659828895918,0,snapshots/snapshot50.jpg
snapshots/snapshot50.jpg,[ 15.44825114  -0.71421106  32.66522193],0.000711377164689,0,snapshots/snapshot51.jpg
snapshots/snapshot51.jpg,[ 26.96752096   0.23489664   9.38560247],0.000810598067708,0,snapshots/snapshot52.jpg
snapshots/snapshot52.jpg,[ 46.79204669  -0.46617421  31.77061352],0.00104250221284,0,snapshots/snapshot53.jpg
snapshots/snapshot53.jpg,[  9.81354807  -0.11074145  33.245845  ],0.00130788654793,0,snapshots/snapshot54.jpg
snapshots/snapshot54.jpg,[ 19.03231766   0.47382512  46.24637184],0.00149716376666,0,snapshots/snapshot55.jpg
snapshots/snapshot55.jpg,[-9.48193508  0.04247611  3.64575201],0.00147459162911,0,snapshots/snapshot56.jpg
snapshots/snapshot56.jpg,[ 33.87502181   0.2972264   25.5728808 ],0.00163292035287,0,snapshots/snapshot57.jpg
snapshots/snapshot57.jpg,[ -1.6859474    0.88756877  16.56682858],0.00175494346713,0,snapshots/snapshot58.jpg
snapshots/snapshot58.jpg,[ 46.4253369   -0.72834434  25.82183344],0.00190822968281,0,snapshots/snapshot59.jpg
snapshots/snapshot59.jpg,[ 12.97288371  -0.40555195  35.58312155],0.00209677414116,0,snapshots/snapshot60.jpg
snapshots/snapshot60.jpg,[-22.2871543   -0.54366889  46.59478857],0.00218180825953,0,snapshots/snapshot61.jpg
snapshots/snapshot61.jpg,[-27.214952     0.19581825  41.13382146],0.00230526275847,0,snapshots/snapshot62.jpg
snapshots/snapshot62.jpg,[ -4.99702005e+01   4.83885547e-02   1.48387522e+01],0.00207123695003,0,snapshots/snapshot63.jpg
snapshots/snapshot63.jpg,[ 28.78007714   0.95732721   6.27032263],0.00204164114184,0,snapshots/snapshot64.jpg
snapshots/snapshot64.jpg,[ 38.63085378  -0.75206107  25.52552702],0.002019869627,0,snapshots/snapshot65.jpg
snapshots/snapshot65.jpg,[ -3.58519028e+01  -2.20496251e-02   4.75537486e+01],0.00207467050772,0,snapshots/snapshot66.jpg
snapshots/snapshot66.jpg,[-26.56392117   0.89262178  31.70256368],0.00195714857983,0,snapshots/snapshot67.jpg
snapshots/snapshot67.jpg,[ 10.07341701  -0.21982672  30.36251464],0.00169346326491,0,snapshots/snapshot68.jpg
snapshots/snapshot68.jpg,[-27.10605734   0.89258798   4.1844464 ],0.00158122360506,0,snapshots/snapshot69.jpg
snapshots/snapshot69.jpg,[-42.73747378   0.48374901   5.63016545],0.0014321424514,0,snapshots/snapshot70.jpg
snapshots/snapshot70.jpg,[ 37.49713263   0.89892296   7.09536806],0.00119448611312,0,snapshots/snapshot71.jpg
snapshots/snapshot71.jpg,[-42.79090112   0.25297536  42.71997476],0.000989436538919,0,snapshots/snapshot72.jpg
snapshots/snapshot72.jpg,[ 26.69369633   0.55831639  25.34386794],0.000775560637252,0,snapshots/snapshot73.jpg
snapshots/snapshot73.jpg,[-11.26342108  -0.94325134   6.03523032],0.000653504980859,0,snapshots/snapshot74.jpg
snapshots/snapshot74.jpg,[-32.43296814  -0.40295633  40.00781781],0.000525485536913,0,snapshots/snapshot75.jpg
snapshots/snapshot75.jpg,[ 44.01985714  -0.24863337  27.04276838],0.000553373350829,0,snapshots/snapshot76.jpg
snapshots/snapshot76.jpg,[ -5.34815425   0.62725374  35.93265197],0.000552096492117,0,snapshots/snapshot77.jpg
snapshots/snapshot77.jpg,[-16.98100575   0.36824621  48.99448616],0.000793281243702,0,snapshots/snapshot78.jpg
snapshots/snapshot78.jpg,[ 33.0783238    0.58693375   0.36637833],0.000802554613447,0,snapshots/snapshot79.jpg
snapshots/snapshot79.jpg,[-46.11933344  -0.55430934   4.73119607],0.000717429815899,0,snapshots/snapshot80.jpg
snapshots/snapshot80.jpg,[ 31.20151364   0.10766993  34.05898581],0.000537106353607,0,snapshots/snapshot81.jpg
snapshots/snapshot81.jpg,[ 26.09440138   0.22194675   4.59409555],0.000360030182812,0,snapshots/snapshot82.jpg
snapshots/snapshot82.jpg,[-7.35679894  0.15638347  0.95969647],0.000379931333415,0,snapshots/snapshot83.jpg
snapshots/snapshot83.jpg,[-23.33506551   0.67462968  44.06612806],0.000364178008801,0,snapshots/snapshot84.jpg
snapshots/snapshot84.jpg,[ 40.72758619   0.66534041  15.58592671],0.000299115913901,0,snapshots/snapshot85.jpg
snapshots/snapshot85.jpg,[-21.31910464  -0.19773299  35.26375776],0.000276795942952,0,snapshots/snapshot86.jpg
snapshots/snapshot86.jpg,[-35.51440484   0.81703919   1.86310147],0.000221337007329,0,snapshots/snapshot87.jpg
snapshots/snapshot87.jpg,[-38.95715943   0.47549736  26.00654554],0.00024651281804,0,snapshots/snapshot88.jpg
snapshots/snapshot88.jpg,[-21.02059749  -0.70039868  39.34615814],0.000425036992224,0,snapshots/snapshot89.jpg
snapshots/snapshot89.jpg,[ 14.4495485   -0.88341209  35.45441636],0.000608186523014,0,snapshots/snapshot90.jpg
snapshots/snapshot90.jpg,[ 23.46588676  -0.87509927  14.00969484],0.00058012584144,0,snapshots/snapshot91.jpg
snapshots/snapshot91.jpg,[ 45.24031406  -0.61625038  35.44589559],0.000430115429641,0,snapshots/snapshot92.jpg
snapshots/snapshot92.jpg,[-20.3282578   -0.03754565  27.56311972],0.000286351388851,0,snapshots/snapshot93.jpg
snapshots/snapshot93.jpg,[-33.7519582   -0.11472302   9.22203174],7.95836705473e-05,0,snapshots/snapshot94.jpg
snapshots/snapshot94.jpg,[ 29.7098041    0.82521442  27.44611002],0.000186506129173,0,snapshots/snapshot95.jpg
snapshots/snapshot95.jpg,[  8.46623153  -0.87736839  17.34894186],0.000311735950674,0,snapshots/snapshot96.jpg
snapshots/snapshot96.jpg,[ -2.82595647  -0.50772029  33.45868575],0.000356788226125,0,snapshots/snapshot97.jpg
snapshots/snapshot97.jpg,[-46.74176709  -0.86401837  15.56192836],0.000325238249226,0,snapshots/snapshot98.jpg
snapshots/snapshot98.jpg,[  5.12038367   0.68924531  49.54522841],0.000572117958643,0,snapshots/snapshot99.jpg
snapshots/snapshot99.jpg,[ 38.59792661  -0.14666302  12.918781  ],0.00059725528055,0,snapshots/snapshot100.jpg
snapshots/snapshot100.jpg,[-30.38754207  -0.14566808  35.38148144],0.000509027367377,0,snapshots/snapshot101.jpg
snapshots/snapshot101.jpg,[ 26.48722801  -0.53744879  49.36088537],0.000276942910286,0,snapshots/snapshot102.jpg
snapshots/snapshot102.jpg,[ 40.70093398   0.39915876  23.26636368],0.000209802210572,0,snapshots/snapshot103.jpg
snapshots/snapshot103.jpg,[-2.83075875  0.11909052  8.05821988],0.000214507160251,0,snapshots/snapshot104.jpg
snapshots/snapshot104.jpg,[-31.65361291  -0.37536768   1.18514085],0.000234442027042,0,snapshots/snapshot105.jpg
snapshots/snapshot105.jpg,[-16.97301075  -0.5037986   44.0530156 ],0.000145248024952,0,snapshots/snapshot106.jpg
snapshots/snapshot106.jpg,[  3.81283076  -0.05728119  27.53785258],2.40582987679e-05,0,snapshots/snapshot107.jpg
snapshots/snapshot107.jpg,[-46.8132123    0.78768426  24.81302462],9.23848101959e-05,0,snapshots/snapshot108.jpg
snapshots/snapshot108.jpg,[ 47.33558445  -0.70876028  30.85728168],0.00031202171134,1,snapshots/snapshot109.jpg
snapshots/snapshot0.jpg,,0.00068125,0,snapshots/snapshot1.jpg
snapshots/snapshot1.jpg,[ 4.32994553  0.80359289  8.81554015],0.00136225435261,0,snapshots/snapshot2.jpg
snapshots/snapshot2.jpg,[ 35.18671684  -0.80222019  34.34860583],0.00203816139722,0,snapshots/snapshot3.jpg
snapshots/snapshot3.jpg,[-40.081962    -0.77743425  42.73353407],0.00272501974624,0,snapshots/snapshot4.jpg
snapshots/snapshot4.jpg,[ -1.46708178  -0.94177033  35.45885753],0.00341078658838,0,snapshots/snapshot5.jpg
snapshots/snapshot5.jpg,[-48.21642744  -0.48997686  31.24606653],0.00409515047302,0,snapshots/snapshot6.jpg
snapshots/snapshot6.jpg,[-45.73888794  -0.73810926  14.39749226],0.00477761655819,0,snapshots/snapshot7.jpg
snapshots/snapshot7.jpg,[-28.63852385  -0.95542997  41.50615529],0.00545588067377,0,snapshots/snapshot8.jpg
snapshots/snapshot8.jpg,[-8.42918839 -0.79480993  0.83205547],0.00613256222841,0,snapshots/snapshot9.jpg
snapshots/snapshot9.jpg,[-45.39943064  -0.93213065  33.88238291],0.00680808779001,0,snapshots/snapshot10.jpg
snapshots/snapshot10.jpg,[-38.15181843   0.51868852  21.13957115],0.00748676475716,0,snapshots/snapshot11.jpg
snapshots/snapshot11.jpg,[ 48.13855349   0.7967922   35.77684345],0.00461488771562,0,snapshots/snapshot12.jpg
snapshots/snapshot12.jpg,[ 31.88759525  -0.45117312  11.91390158],0.00408820820985,0,snapshots/snapshot13.jpg
snapshots/snapshot13.jpg,[-15.85322987  -0.21617196  14.02717993],0.000607787217602,0,snapshots/snapshot14.jpg
snapshots/snapshot14.jpg,[ 16.15989865   0.70228403  27.52702393],0.00075504714067,0,snapshots/snapshot15.jpg
snapshots/snapshot15.jpg,[  4.55092040e+01   3.37320317e-03   9.53503784e+00],0.000677738512468,0,snapshots/snapshot16.jpg
snapshots/snapshot16.jpg,[-22.75244633  -0.61630016   5.23576787],0.000405721894319,0,snapshots/snapshot17.jpg
snapshots/snapshot17.jpg,[-33.21397529  -0.7686691    7.36009783],0.000317134906386,0,snapshots/snapshot18.jpg
snapshots/snapshot18.jpg,[-11.16325805  -0.69653882  19.76182948],0.000387562101879,0,snapshots/snapshot19.jpg
snapshots/snapshot19.jpg,[ 27.45818407   0.20040428  25.81158198],0.000458996022008,0,snapshots/snapshot20.jpg
snapshots/snapshot20.jpg,[ 18.4070215   -0.12858203  25.45462982],0.000368983997821,0,snapshots/snapshot21.jpg
snapshots/snapshot21.jpg,[ 44.76683612  -0.09810642  39.59913826],0.000205535674523,0,snapshots/snapshot22.jpg
snapshots/snapshot22.jpg,[-43.41066798   0.10111287  49.48691747],0.000111214143232,0,snapshots/snapshot23.jpg
snapshots/snapshot23.jpg,[ 16.41410854  -0.51058675  42.94701439],0.000347203018795,0,snapshots/snapshot24.jpg
snapshots/snapshot24.jpg,[ 37.42235987   0.3139391   40.61697935],0.000490932579586,0,snapshots/snapshot25.jpg
snapshots/snapshot25.jpg,[ -1.81457724  -0.62364071  23.98099145],0.000324182412269,0,snapshots/snapshot26.jpg
snapshots/snapshot26.jpg,[ 32.75637103  -0.85873205  21.07025101],0.000205374859734,0,snapshots/snapshot27.jpg
snapshots/snapshot27.jpg,[-38.49265882  -0.21539184  32.3434214 ],0.000289119725079,0,snapshots/snapshot28.jpg
snapshots/snapshot28.jpg,[-35.35826074   0.28230834  39.69916247],0.000384294642027,0,snapshots/snapshot29.jpg
snapshots/snapshot29.jpg,[ 25.17361805  -0.9897911    2.78355589],0.000273651876061,0,snapshots/snapshot30.jpg
snapshots/snapshot30.jpg,[ 22.04485298  -0.84498751  28.32783656],0.00025168640355,0,snapshots/snapshot31.jpg
snapshots/snapshot31.jpg,[ 18.73638151   0.92649933  19.18939692],0.000148150898717,0,snapshots/snapshot32.jpg
snapshots/snapshot32.jpg,[ 34.84100649   0.32539218  29.9627034 ],0.000377737289597,0,snapshots/snapshot33.jpg
snapshots/snapshot33.jpg,[-16.24346489  -0.04497639   6.62691606],0.000484808580478,0,snapshots/snapshot34.jpg
snapshots/snapshot34.jpg,[-13.39603625  -0.41076643  27.87970063],0.000376607585646,0,snapshots/snapshot35.jpg
snapshots/snapshot35.jpg,[ 34.05355263   0.26864746  28.86823179],0.000492451582407,0,snapshots/snapshot36.jpg
snapshots/snapshot36.jpg,[-1.65638205 -0.12309721  8.49102868],0.000562637748323,0,snapshots/snapshot37.jpg
snapshots/snapshot37.jpg,[ 29.6213072   -0.45292916  11.8786003 ],0.000657054106014,0,snapshots/snapshot38.jpg
snapshots/snapshot38.jpg,[  5.47521697   0.66833351  41.2149364 ],0.000843207728521,0,snapshots/snapshot39.jpg
snapshots/snapshot39.jpg,[ 25.41746133   0.03360462  15.57313747],0.000980902403613,0,snapshots/snapshot40.jpg
snapshots/snapshot40.jpg,[ 12.663112     0.11077493  13.61140307],0.00118193177768,0,snapshots/snapshot41.jpg
snapshots/snapshot41.jpg,[ 48.7871375    0.18242395  28.09465637],0.00125002012237,0,snapshots/snapshot42.jpg
snapshots/snapshot42.jpg,[ 36.95778567   0.58530073  29.92264248],0.00147587687253,0,snapshots/snapshot43.jpg
snapshots/snapshot43.jpg,[ -5.1126225    0.91724064  40.39605946],0.00163303007372,0,snapshots/snapshot44.jpg
snapshots/snapshot44.jpg,[-18.88117989  -0.24168544  10.30033285],0.00181368003113,0,snapshots/snapshot45.jpg
snapshots/snapshot45.jpg,[ 32.58772242  -0.96459364  23.00495422],0.00193613417047,0,snapshots/snapshot46.jpg
snapshots/snapshot46.jpg,[ 15.01792707  -0.83957984  18.15814405],0.00204881625506,0,snapshots/snapshot47.jpg
snapshots/snapshot47.jpg,[-16.90011227  -0.06049397  27.04094963],0.0019582272272,0,snapshots/snapshot48.jpg
snapshots/snapshot48.jpg,[-22.29304359  -0.48595395  32.29963567],0.00188870169132,0,snapshots/snapshot49.jpg
snapshots/snapshot49.jpg,[  7.76773951  -0.82715792  32.65732138],0.00171795182226,0,snapshots/snapshot50.jpg
snapshots/snapshot50.jpg,[-43.28875224  -0.50232437  37.72309328],0.00156672124436,0,snapshots/snapshot51.jpg
snapshots/snapshot51.jpg,[ 47.67861979  -0.23851291  30.29884536],0.00161713429382,0,snapshots/snapshot52.jpg
snapshots/snapshot52.jpg,[ 40.31428225   0.9552471    6.47785347],0.00174690808819,0,snapshots/snapshot53.jpg
snapshots/snapshot53.jpg,[-18.95812081   0.79951163  35.7927216 ],0.00181264212163,0,snapshots/snapshot54.jpg
snapshots/snapshot54.jpg,[-32.27356197  -0.5497479    2.8969707 ],0.0017172007013,0,snapshots/snapshot55.jpg
snapshots/snapshot55.jpg,[ -6.39072908   0.88317659  23.00729869],0.00156461986104,0,snapshots/snapshot56.jpg
snapshots/snapshot56.jpg,[ 22.10446529  -0.71936357  27.57603353],0.00141671158665,0,snapshots/snapshot57.jpg
snapshots/snapshot57.jpg,[  0.92031566  -0.21531176  38.73014032],0.00141775997554,0,snapshots/snapshot58.jpg
snapshots/snapshot58.jpg,[ 48.17406417  -0.73916889   4.01471049],0.00147901816109,0,snapshots/snapshot59.jpg
snapshots/snapshot59.jpg,[-24.56275038   0.83455714  30.32947194],0.00160075193674,0,snapshots/snapshot60.jpg
snapshots/snapshot60.jpg,[ 44.07782606  -0.59311957   9.7319123 ],0.00137834756813,0,snapshots/snapshot61.jpg
snapshots/snapshot61.jpg,[-10.27439885   0.73347208  23.47810294],0.00117330239897,0,snapshots/snapshot62.jpg
snapshots/snapshot62.jpg,[-10.44591783  -0.75161967  14.04601132],0.000944635856088,0,snapshots/snapshot63.jpg
snapshots/snapshot63.jpg,[-42.0481794    0.41409809  22.85470177],0.000843818284528,0,snapshots/snapshot64.jpg
snapshots/snapshot64.jpg,[-37.33526804   0.67048673  33.66101797],0.000616190326705,0,snapshots/snapshot65.jpg
snapshots/snapshot65.jpg,[ 39.58182715  -0.14100593  26.71228086],0.000515451554966,0,snapshots/snapshot66.jpg
snapshots/snapshot66.jpg,[ 35.16179463   0.15559561  32.23222755],0.000619047867312,0,snapshots/snapshot67.jpg
snapshots/snapshot67.jpg,[-45.67979475   0.96844315  30.7917865 ],0.000586585537613,0,snapshots/snapshot68.jpg
snapshots/snapshot68.jpg,[-25.59507441   0.3681177   11.02679866],0.000425306706281,0,snapshots/snapshot69.jpg
snapshots/snapshot69.jpg,[ 11.48914294  -0.65281103  48.6735995 ],0.000414560167517,0,snapshots/snapshot70.jpg
snapshots/snapshot70.jpg,[-15.58497775  -0.77289108  44.53445486],0.000433318188853,0,snapshots/snapshot71.jpg
snapshots/snapshot71.jpg,[ 41.39739757  -0.36247779  43.67853227],0.000432441226622,0,snapshots/snapshot72.jpg
snapshots/snapshot72.jpg,[ 16.1643239    0.94298402  15.31761982],0.000570840149076,0,snapshots/snapshot73.jpg
snapshots/snapshot73.jpg,[ 30.72926273   0.64418648  38.32402446],0.000738942077867,0,snapshots/snapshot74.jpg
snapshots/snapshot74.jpg,[-40.09481346   0.15489683  32.02670899],0.000947221965267,0,snapshots/snapshot75.jpg
snapshots/snapshot75.jpg,[  0.36103218  -0.72734276  15.37478535],0.00105149802719,0,snapshots/snapshot76.jpg
snapshots/snapshot76.jpg,[ 41.71070257   0.7507663    4.74964173],0.00118803446451,0,snapshots/snapshot77.jpg
snapshots/snapshot77.jpg,[ 48.78803361   0.81641276  16.46440901],0.00146037300348,0,snapshots/snapshot78.jpg
snapshots/snapshot78.jpg,[-20.99468888  -0.29167863  20.4361288 ],0.00168384891927,0,snapshots/snapshot79.jpg
snapshots/snapshot79.jpg,[-32.20127277  -0.06782274  28.68694537],0.00186449255576,0,snapshots/snapshot80.jpg
snapshots/snapshot80.jpg,[  4.01268469   0.82482521  44.68027599],0.0017624480839,0,snapshots/snapshot81.jpg
snapshots/snapshot81.jpg,[-43.44148939   0.09014812   7.87522069],0.00149378854968,0,snapshots/snapshot82.jpg
snapshots/snapshot82.jpg,[ 49.5680069   -0.20860747   6.38949832],0.00126775370778,0,snapshots/snapshot83.jpg
snapshots/snapshot83.jpg,[-44.43941469   0.64180544  43.29749769],0.0010630150909,0,snapshots/snapshot84.jpg
snapshots/snapshot84.jpg,[ 27.84493351  -0.24977923  39.35860891],0.000822030370523,0,snapshots/snapshot85.jpg
snapshots/snapshot85.jpg,[ 42.55586343  -0.35697488  38.54187883],0.000760749373871,0,snapshots/snapshot86.jpg
snapshots/snapshot86.jpg,[ -4.39640484   0.17568644  39.93555425],0.000820337323487,0,snapshots/snapshot87.jpg
snapshots/snapshot87.jpg,[-35.20422507   0.48970229   9.97442802],0.000977941471969,0,snapshots/snapshot88.jpg
snapshots/snapshot88.jpg,[  3.08740424   0.77309917  13.12478119],0.000730693623597,0,snapshots/snapshot89.jpg
snapshots/snapshot89.jpg,[ 17.19289643   0.34672142  40.1023065 ],0.000585083770887,0,snapshots/snapshot90.jpg
snapshots/snapshot90.jpg,[-35.9576263    0.68071411   1.62169343],0.000603601707156,0,snapshots/snapshot91.jpg
snapshots/snapshot91.jpg,[ 16.57701384  -0.22913235  39.52464281],0.000716819737744,0,snapshots/snapshot92.jpg
snapshots/snapshot92.jpg,[ 20.17992862  -0.72459212  29.98455053],0.000844190771101,0,snapshots/snapshot93.jpg
snapshots/snapshot93.jpg,[ 12.5795778    0.81223393  39.99766769],0.000943826124828,0,snapshots/snapshot94.jpg
snapshots/snapshot94.jpg,[-28.90798552  -0.81314373  20.56163794],0.00110038734741,0,snapshots/snapshot95.jpg
snapshots/snapshot0.jpg,,0.00068125,0,snapshots/snapshot1.jpg
snapshots/snapshot1.jpg,[-32.4614796   -0.71109724  40.10185123],0.00136225435261,0,snapshots/snapshot2.jpg
snapshots/snapshot2.jpg,[ 13.84034483   0.02785085  17.84948532],0.00204107987418,0,snapshots/snapshot3.jpg
snapshots/snapshot3.jpg,[-37.79305914  -0.0989839   33.09990041],0.00272704477193,0,snapshots/snapshot4.jpg
snapshots/snapshot4.jpg,[ 40.64536409  -0.91816603  13.6038561 ],0.00341175429419,0,snapshots/snapshot5.jpg
snapshots/snapshot5.jpg,[-23.27901254   0.84658449  36.35293273],0.00409241654804,0,snapshots/snapshot6.jpg
snapshots/snapshot6.jpg,[-44.98237651  -0.86494245   8.54950157],0.0047720522468,0,snapshots/snapshot7.jpg
snapshots/snapshot7.jpg,[ 38.91269583   0.53315609  26.97043194],0.0054426915734,0,snapshots/snapshot8.jpg
snapshots/snapshot8.jpg,[-24.23248243  -0.98506277   7.99141051],0.00612314971587,0,snapshots/snapshot9.jpg
snapshots/snapshot9.jpg,[  7.87881374  -0.08524014  45.54034959],0.00680359591687,0,snapshots/snapshot10.jpg
snapshots/snapshot10.jpg,[-41.50496282   0.33343126   0.07764445],0.00748165875064,0,snapshots/snapshot11.jpg
snapshots/snapshot11.jpg,[  1.16230067   0.51426823  43.87339548],0.00815939370748,0,snapshots/snapshot12.jpg
snapshots/snapshot12.jpg,[-28.50910826   0.26934294   4.48578936],0.0017688702335,0,snapshots/snapshot13.jpg
snapshots/snapshot13.jpg,[ 16.84803989  -0.30002758  39.38938757],0.0021113024246,0,snapshots/snapshot14.jpg
snapshots/snapshot14.jpg,[ -8.47270664  -0.15602036  46.42126434],0.00223090799733,0,snapshots/snapshot15.jpg
snapshots/snapshot15.jpg,[ 26.09200512   0.89304002  17.26291668],0.00219091993742,0,snapshots/snapshot16.jpg
snapshots/snapshot16.jpg,[-36.38860305  -0.61935779  41.26819716],0.00222685093274,0,snapshots/snapshot17.jpg
snapshots/snapshot17.jpg,[-40.99403418  -0.23196797  16.070324  ],0.00252103045542,0,snapshots/snapshot18.jpg
snapshots/snapshot18.jpg,[-15.26224079   0.88832722  22.94414628],0.00251731813889,0,snapshots/snapshot19.jpg
snapshots/snapshot19.jpg,[ 24.76972303   0.89713624  49.71704604],0.00267490615602,0,snapshots/snapshot20.jpg
snapshots/snapshot20.jpg,[-44.53511508   0.16005007  34.26706806],0.00275356413486,0,snapshots/snapshot21.jpg
snapshots/snapshot21.jpg,[ 6.62652166  0.83087272  9.23541972],0.00308310309007,0,snapshots/snapshot22.jpg
snapshots/snapshot22.jpg,[ 32.3279889   -0.2996854   20.74659371],0.00306360273217,0,snapshots/snapshot23.jpg
snapshots/snapshot23.jpg,[ 22.80547222  -0.67515082  45.24234858],0.00294061440329,0,snapshots/snapshot24.jpg
snapshots/snapshot24.jpg,[ 33.4472246   -0.56343412  48.652115  ],0.00274923382283,0,snapshots/snapshot25.jpg
snapshots/snapshot25.jpg,[ 32.95256093   0.07899692  49.40999236],0.00254061241229,0,snapshots/snapshot26.jpg
snapshots/snapshot26.jpg,[-47.63262575   0.75832944  49.92980153],0.00240240556768,0,snapshots/snapshot27.jpg
snapshots/snapshot27.jpg,[ 31.4067918    0.6888263   12.08031618],0.00247059334007,0,snapshots/snapshot28.jpg
snapshots/snapshot28.jpg,[ 33.69954929  -0.75452854  10.68397346],0.00229253510675,0,snapshots/snapshot29.jpg
snapshots/snapshot29.jpg,[ 37.89595454   0.15832511  25.36634539],0.00231662182065,0,snapshots/snapshot30.jpg
snapshots/snapshot30.jpg,[ 41.40750515   0.53038089  17.75839785],0.00216182188643,0,snapshots/snapshot31.jpg
snapshots/snapshot31.jpg,[-29.68716153  -0.33184087  45.71645415],0.00198908931002,0,snapshots/snapshot32.jpg
snapshots/snapshot32.jpg,[ 47.05102187   0.78275698  44.28239385],0.00167862567897,0,snapshots/snapshot33.jpg
snapshots/snapshot33.jpg,[ 13.89205508  -0.90774325  28.64921157],0.0014646259045,0,snapshots/snapshot34.jpg
snapshots/snapshot34.jpg,[-37.33471932   0.74680173  47.43414025],0.0013238410184,0,snapshots/snapshot35.jpg
snapshots/snapshot35.jpg,[ 7.07817032 -0.46818701  9.60786104],0.00127713566486,0,snapshots/snapshot36.jpg
snapshots/snapshot36.jpg,[-15.01220886  -0.14629776   3.77899376],0.00115391510127,0,snapshots/snapshot37.jpg
snapshots/snapshot37.jpg,[-18.92639438   0.31058573  31.00555983],0.00117089193831,0,snapshots/snapshot38.jpg
snapshots/snapshot38.jpg,[ -7.07329756  -0.23775996  12.79763748],0.00126159808854,0,snapshots/snapshot39.jpg
snapshots/snapshot39.jpg,[-44.37240229   0.14090407  11.69057738],0.00141108905291,0,snapshots/snapshot40.jpg
snapshots/snapshot40.jpg,[-11.94219054  -0.90058308  20.08662255],0.00151268407061,0,snapshots/snapshot41.jpg
snapshots/snapshot41.jpg,[-41.11331662   0.07309574   5.35389396],0.00165223386415,0,snapshots/snapshot42.jpg
snapshots/snapshot42.jpg,[ -3.74175978e+00   1.36418767e-02   1.92874993e+01],0.0017711568181,0,snapshots/snapshot43.jpg
snapshots/snapshot43.jpg,[-36.47896361   0.56608959  27.78524705],0.00190105673786,0,snapshots/snapshot44.jpg
snapshots/snapshot44.jpg,[ 22.64285569  -0.24619899   6.80726571],0.00196986891133,0,snapshots/snapshot45.jpg
snapshots/snapshot45.jpg,[ 34.72946023   0.65026752  28.2196113 ],0.00184829170567,0,snapshots/snapshot46.jpg
snapshots/snapshot46.jpg,[-15.12310416   0.11313924  44.7997687 ],0.00166870092588,0,snapshots/snapshot47.jpg
snapshots/snapshot47.jpg,[-20.25371403   0.34540519  48.50239651],0.00171624206232,0,snapshots/snapshot48.jpg
snapshots/snapshot48.jpg,[ -9.87326011e+00  -6.70469751e-03   2.10202977e+01],0.00187539027338,0,snapshots/snapshot49.jpg
snapshots/snapshot49.jpg,[  6.14802255e+00   1.44859350e-02   1.63188599e+01],0.00182524147095,0,snapshots/snapshot50.jpg
snapshots/snapshot50.jpg,[-37.11204945   0.96341119  10.80308865],0.00189899483525,0,snapshots/snapshot51.jpg
snapshots/snapshot51.jpg,[ 30.04302572  -0.96519258  31.75822288],0.00173986697573,0,snapshots/snapshot52.jpg
snapshots/snapshot52.jpg,[ 27.13010206  -0.99218226  26.68716391],0.00164103301497,0,snapshots/snapshot53.jpg
snapshots/snapshot53.jpg,[-30.55776917  -0.14491239  18.54978966],0.00149904038881,0,snapshots/snapshot54.jpg
snapshots/snapshot54.jpg,[-13.14538609   0.56349488  14.03616091],0.0017066838361,0,snapshots/snapshot55.jpg
snapshots/snapshot55.jpg,[ 17.92726102  -0.67583765  44.74041544],0.00171264912603,0,snapshots/snapshot56.jpg
snapshots/snapshot56.jpg,[-24.79743802  -0.98540303  24.47795782],0.00160497968817,0,snapshots/snapshot57.jpg
snapshots/snapshot57.jpg,[-32.39200452   0.13209005  26.841197  ],0.00176654854631,0,snapshots/snapshot58.jpg
snapshots/snapshot58.jpg,[ 16.06443974  -0.61558231   2.4984862 ],0.0018693690348,0,snapshots/snapshot59.jpg
snapshots/snapshot59.jpg,[-26.15161928  -0.92278757  18.70888463],0.00176623945839,0,snapshots/snapshot60.jpg
snapshots/snapshot60.jpg,[  6.80450901   0.220951    40.00525784],0.00189013157079,0,snapshots/snapshot61.jpg
snapshots/snapshot61.jpg,[  3.87138801   0.25031692  24.99469297],0.00199590988493,0,snapshots/snapshot62.jpg
snapshots/snapshot62.jpg,[ 10.35025129   0.96609046  39.13374411],0.00193740628831,0,snapshots/snapshot63.jpg
snapshots/snapshot63.jpg,[-32.0686857   -0.15654915  27.82031656],0.00197699041733,0,snapshots/snapshot64.jpg
snapshots/snapshot64.jpg,[ 11.89124044   0.29376724  40.22790454],0.00218871007153,0,snapshots/snapshot65.jpg
snapshots/snapshot65.jpg,[-35.82396808   0.97473981  25.45431451],0.00218553769557,0,snapshots/snapshot66.jpg
snapshots/snapshot66.jpg,[  3.54905581  -0.55965108  41.88816734],0.00231653672579,0,snapshots/snapshot67.jpg
snapshots/snapshot67.jpg,[ 20.43197521  -0.38119534  26.85428933],0.00232694236591,0,snapshots/snapshot68.jpg
snapshots/snapshot68.jpg,[ 43.09311149   0.57348013  38.493126  ],0.00223492851284,0,snapshots/snapshot69.jpg
snapshots/snapshot69.jpg,[-31.0488574   -0.48396256  20.11665468],0.00225312464062,0,snapshots/snapshot70.jpg
snapshots/snapshot70.jpg,[-35.27850708  -0.30318003   0.69015875],0.00242306517757,0,snapshots/snapshot71.jpg
snapshots/snapshot71.jpg,[-46.51290136   0.92802292  35.5293489 ],0.00242131413612,0,snapshots/snapshot72.jpg
snapshots/snapshot72.jpg,[ 29.58387779   0.78112186  20.47317767],0.00263769774564,0,snapshots/snapshot73.jpg
snapshots/snapshot73.jpg,[ 11.35687261  -0.94022842  23.30977184],0.00276545421414,0,snapshots/snapshot74.jpg
snapshots/snapshot74.jpg,[ 15.31107149   0.90150567  43.66199328],0.00271361067489,0,snapshots/snapshot75.jpg
snapshots/snapshot75.jpg,[ 23.73685359   0.15521318  45.49411489],0.00264800347478,0,snapshots/snapshot76.jpg
snapshots/snapshot76.jpg,[  2.73904421e+01  -4.33250817e-03   4.54499445e+01],0.00248355067692,0,snapshots/snapshot77.jpg
snapshots/snapshot77.jpg,[ 31.29627468  -0.2753135    8.63325522],0.00227501357609,0,snapshots/snapshot78.jpg
snapshots/snapshot78.jpg,[-37.07350814   0.92917551   3.87294252],0.00206541386201,0,snapshots/snapshot79.jpg
snapshots/snapshot79.jpg,[ 25.01093142   0.79533084  25.42473272],0.0019773589947,0,snapshots/snapshot80.jpg
snapshots/snapshot80.jpg,[ 28.56061155  -0.77233357  43.73625536],0.00175652807495,0,snapshots/snapshot81.jpg
snapshots/snapshot81.jpg,[ 8.42424276  0.68409011  0.70152901],0.00158321695276,0,snapshots/snapshot82.jpg
snapshots/snapshot82.jpg,[-21.83546441   0.80162005  42.57681024],0.00141419650361,0,snapshots/snapshot83.jpg
snapshots/snapshot83.jpg,[ -5.53499587  -0.21685962  49.16257985],0.00118701503287,0,snapshots/snapshot84.jpg
snapshots/snapshot84.jpg,[-13.23426287   0.12145521  35.9714567 ],0.0011183067559,0,snapshots/snapshot85.jpg
snapshots/snapshot85.jpg,[ 28.29199023   0.83335371  10.87930313],0.00100563715122,0,snapshots/snapshot86.jpg
snapshots/snapshot86.jpg,[ 23.18907751   0.7438054    8.22870522],0.000864282126352,0,snapshots/snapshot87.jpg
snapshots/snapshot87.jpg,[ -1.94254766   0.8082709   19.44349236],0.000651430790433,0,snapshots/snapshot88.jpg
snapshots/snapshot88.jpg,[-30.93515406  -0.42265712   5.05216696],0.000519040065313,0,snapshots/snapshot89.jpg
snapshots/snapshot89.jpg,[-26.06408524   0.17236204  13.64829766],0.000523468168216,0,snapshots/snapshot90.jpg
snapshots/snapshot90.jpg,[-10.48600613   0.5769819    6.89223952],0.00065802453745,0,snapshots/snapshot91.jpg
snapshots/snapshot91.jpg,[-10.55254686  -0.05486138  14.62730693],0.000841882974207,0,snapshots/snapshot92.jpg
snapshots/snapshot92.jpg,[ 48.95538301   0.99818649  23.39757799],0.000994527442727,0,snapshots/snapshot93.jpg
snapshots/snapshot93.jpg,[ 20.77712919  -0.86550067  21.23418532],0.00081824232029,0,snapshots/snapshot94.jpg
snapshots/snapshot94.jpg,[ 36.06754029   0.457873    21.07305276],0.000635221539794,0,snapshots/snapshot95.jpg
snapshots/snapshot95.jpg,[ -4.56151934  -0.76342522  20.73444875],0.000461717311455,0,snapshots/snapshot96.jpg
snapshots/snapshot96.jpg,[ 20.69448126   0.71383237   7.5091518 ],0.00050285517406,0,snapshots/snapshot97.jpg
snapshots/snapshot97.jpg,[  6.56753702  -0.97757246  40.33628659],0.000497101212801,0,snapshots/snapshot98.jpg
snapshots/snapshot98.jpg,[ 30.11269947  -0.4881823   37.38474893],0.000365585517172,0,snapshots/snapshot99.jpg
snapshots/snapshot99.jpg,[-19.17075433  -0.06888586  10.14698743],0.000396371319228,0,snapshots/snapshot100.jpg
snapshots/snapshot100.jpg,[ 10.40262412   0.98523919  19.68311929],0.000456743236545,0,snapshots/snapshot101.jpg
snapshots/snapshot101.jpg,[ -5.02584551  -0.92891158  29.80345313],0.000561978275261,0,snapshots/snapshot102.jpg
snapshots/snapshot102.jpg,[-35.136389     0.22807422  30.25747654],0.000670283170785,0,snapshots/snapshot103.jpg
snapshots/snapshot103.jpg,[-29.22894337  -0.36642097  29.46681284],0.000768258506258,0,snapshots/snapshot104.jpg
snapshots/snapshot104.jpg,[ 46.80281544  -0.83767111  43.67098054],0.000981902735711,0,snapshots/snapshot105.jpg
snapshots/snapshot105.jpg,[-11.35593371  -0.46689986  30.57721488],0.0011148184735,0,snapshots/snapshot106.jpg
snapshots/snapshot106.jpg,[-13.8475173    0.84792413  39.05096222],0.00128888225117,0,snapshots/snapshot107.jpg
snapshots/snapshot107.jpg,[ 40.29356313   0.18369336   7.80140325],0.00114624687791,0,snapshots/snapshot108.jpg
snapshots/snapshot108.jpg,[ 10.8762903    0.89944695  15.97337483],0.000937484339533,0,snapshots/snapshot109.jpg
snapshots/snapshot109.jpg,[-28.42638776  -0.97856167  35.44491963],0.000797407758162,0,snapshots/snapshot110.jpg
snapshots/snapshot110.jpg,[-44.60721991   0.67883909  15.90603933],0.000918223626623,0,snapshots/snapshot111.jpg
snapshots/snapshot111.jpg,[-34.50954576  -0.37565254  22.10390283],0.00100131708901,0,snapshots/snapshot112.jpg
snapshots/snapshot112.jpg,[-46.91201011  -0.3957742   39.79164969],0.00120503241987,0,snapshots/snapshot113.jpg
snapshots/snapshot113.jpg,[ -1.12782386  -0.14683073  45.83268879],0.00128946842892,0,snapshots/snapshot114.jpg
snapshots/snapshot114.jpg,[ 12.461356    -0.41846223   9.53589476],0.00133060960696,0,snapshots/snapshot115.jpg
snapshots/snapshot115.jpg,[-30.94691129  -0.39892045  15.83977871],0.00141334296263,0,snapshots/snapshot116.jpg
snapshots/snapshot116.jpg,[ 33.76444295  -0.42870328  41.72130189],0.00159106429184,0,snapshots/snapshot117.jpg
snapshots/snapshot117.jpg,[  3.73868458e+01   1.34338688e-02   7.94134694e+00],0.00161954285961,0,snapshots/snapshot118.jpg
snapshots/snapshot118.jpg,[ -2.22350655   0.885675    47.44966829],0.00144709039522,0,snapshots/snapshot119.jpg
snapshots/snapshot119.jpg,[ 18.64028277   0.56750242  27.54807794],0.00127586272821,0,snapshots/snapshot120.jpg
snapshots/snapshot120.jpg,[ 29.23599654  -0.66202236  43.84630983],0.00116032763087,0,snapshots/snapshot121.jpg
snapshots/snapshot121.jpg,[ 32.89023654  -0.47231522  49.95606329],0.0010979945705,1,snapshots/snapshot122.jpg
